Genotype,Phenotype,Fitness
1,1,0.3958841750929297
2,1,0.3298893615251174
3,1,0.06323217959211498
4,1,-0.33304846237126084
5,1,-0.24668710448582296
6,1,-0.15170497327785065
7,1,0.1597552737726606
8,1,0.21132146159858234
9,1,0.041566094384711975
10,1,0.04574822127566354
11,1,-0.1926254794345652
12,1,-0.05538727436699381
13,1,0.11077956283061918
14,1,0.05866694401191609
15,1,0.1380545679023481
16,1,-0.03452479315515327
17,1,-0.03523795371113683
18,1,-0.10638244137644375
19,1,-0.04051719419981738
20,1,0.12089346695393023
21,1,0.07518184727269932
22,1,0.0064628326860830575
23,1,-0.009439538436504698
24,1,-0.01379641371290705
25,1,-0.06302931205333906
1,2,-0.37008305619343024
2,2,-0.337737767267105
3,2,-0.12502422324376744
4,2,0.06191651864628525
5,2,0.1657924668842751
6,2,0.02582680137831936
7,2,-0.11311778061605778
8,2,-0.14071390237496728
9,2,-0.0763059314533554
10,2,0.05549295620540364
11,2,0.1170747365529719
12,2,0.005203214182325881
13,2,-0.07470738688917859
14,2,-0.08145862316713037
15,2,-0.08333421168300109
16,2,-0.008789584279055778
17,2,0.05454667505928261
18,2,0.10908668052414697
19,2,0.008295543493755575
20,2,-0.058976018431078706
21,2,-0.06417069565838956
22,2,-0.005411842506047574
23,2,0.14099728157639319
24,2,-0.12938056292629005
25,2,0.030458323907479923
1,3,-0.5467855662831
2,3,-0.5026168646911181
3,3,-0.1340838740706036
4,3,0.4777732192398457
5,3,0.4766076315175519
6,3,0.10989424322421561
7,3,-0.2312837457515732
8,3,-0.36184617243300443
9,3,-0.12035935264705772
10,3,0.1396124351067029
11,3,0.29130552264628795
12,3,0.13640965803794275
13,3,-0.08815378272019106
14,3,-0.14526630324552012
15,3,-0.07861311318090604
16,3,0.05376633846425259
17,3,0.05235964159863846
18,3,0.14250345248485413
19,3,-0.07475361287997798
20,3,-0.14109292269101728
21,3,-0.08040352019388135
22,3,0.026320396568831318
23,3,0.13260921578603765
24,3,-0.024134013644954745
25,3,0.08152947427186887
1,4,-0.25178214688438555
2,4,-0.349259489425381
3,4,-0.055874230963240505
4,4,0.19368282153393868
5,4,0.22467076640914319
6,4,0.00021936243504416808
7,4,-0.2274291728815065
8,4,-0.20474496112272222
9,4,-0.06052560874556344
10,4,0.17912991217298987
11,4,0.0957961002014529
12,4,-0.03377390672291622
13,4,-0.04284412701475772
14,4,-0.13034927597319795
15,4,-0.045763963198503184
16,4,0.005574241472267115
17,4,0.013991832105674645
18,4,0.01994690071919806
19,4,0.03030953635432368
20,4,-0.04051555555632624
21,4,-0.09334902744391183
22,4,0.044028123450861614
23,4,-0.03514481745793032
24,4,0.009170964715712455
25,4,0.014656132847044073
1,5,0.0627157787704342
2,5,0.0683636646771724
3,5,0.018783549745517044
4,5,-0.09128302294701679
5,5,-0.11260722678752161
6,5,-0.05464037726368251
7,5,0.000997635367346622
8,5,0.03737016033473177
9,5,0.18091209468171296
10,5,-0.06573710958177306
11,5,0.01802519898614982
12,5,-0.05717223171257722
13,5,0.08799387633238051
14,5,0.10363070373985772
15,5,0.04750868815285971
16,5,-0.0420711747906894
17,5,-0.09909716518211989
18,5,0.02692950840899414
19,5,-0.06034334485141877
20,5,-0.042471213401304234
21,5,0.09376925571332519
22,5,0.07292538318825417
23,5,-0.012714093617212001
24,5,-0.026444133246428102
25,5,-0.035084043886599636
1,6,0.41878557287547813
2,6,0.3680987270641074
3,6,-0.02056448366570259
4,6,-0.3054995301120488
5,6,-0.2940244307002101
6,6,-0.16029675896313295
7,6,0.12294193998140765
8,6,0.24039345701167836
9,6,0.17275808464670359
10,6,-0.09657373962213771
11,6,-0.1738052727864047
12,6,0.011498564136106074
13,6,0.007236017288616871
14,6,0.09209293636256322
15,6,0.11859727910360374
16,6,0.02320699421037429
17,6,-0.06966494364875803
18,6,-0.19638917235350786
19,6,0.04876497582445362
20,6,0.0984820017019411
21,6,0.05630846298754126
22,6,0.03278706944314105
23,6,0.025690194686038774
24,6,-0.040732866391472965
25,6,-0.052523605496737784
1,7,0.1930929308497854
2,7,0.2819011306162444
3,7,0.003440543523438054
4,7,-0.2180155300345453
5,7,-0.274367332048641
6,7,-0.04369481002755092
7,7,0.15893598872392883
8,7,0.18814413021367166
9,7,0.006726598344205942
10,7,-0.03047086021632362
11,7,-0.10889263675224667
12,7,-0.18490424940153358
13,7,0.07266489477356686
14,7,-0.01034005508349975
15,7,-0.0025924499094010026
16,7,0.03112083609477412
17,7,-0.03311392161839515
18,7,-0.07869748654959431
19,7,-0.03578072748707671
20,7,0.06354025655533836
21,7,-0.051485026352251995
22,7,0.02016830979703183
23,7,-0.046353702506563656
24,7,0.005951500504989788
25,7,-0.010342047493769217
1,8,-0.10420384353655768
2,8,-0.03855993623128845
3,8,-0.02432655066944022
4,8,-0.03789790793675729
5,8,-0.020154823255749355
6,8,-0.04030842357564856
7,8,-0.01882827485057311
8,8,0.009208168186470005
9,8,-0.012380042346659993
10,8,-0.04719803162585203
11,8,0.0026847839189824176
12,8,0.038907993918128186
13,8,0.04638054704337361
14,8,-0.06298837253388569
15,8,0.004694174826521643
16,8,-0.015715854199630626
17,8,-0.09622389600002229
18,8,-0.05661841233334298
19,8,-0.02977659469250643
20,8,-0.03396307789008993
21,8,-0.02649208034175273
22,8,-0.03012064318848962
23,8,0.02391633198937451
24,8,-0.04257969415156172
25,8,-0.07905457017897886
1,9,-0.25667323655424773
2,9,-0.3066983584222593
3,9,0.0008124861944057843
4,9,0.14620286225553303
5,9,0.2809264797668541
6,9,-0.0051317540860972635
7,9,-0.18099220515011272
8,9,-0.12986985333986212
9,9,0.02688054212865145
10,9,0.034321426245793374
11,9,0.20179882509442565
12,9,0.1359506322552563
13,9,-0.0029226500706059574
14,9,-0.10135190386837117
15,9,-0.16295310129374357
16,9,-0.05683109499446763
17,9,0.024577047865373285
18,9,0.07100993973122374
19,9,-0.017979572598022756
20,9,-0.07897913721827501
21,9,-0.03377645300720268
22,9,-0.08255795608290342
23,9,0.05043403226739188
24,9,-0.01740135570020564
25,9,0.06751742161889197
1,10,-0.22749910651381414
2,10,-0.26805738529339396
3,10,-0.05912144767661921
4,10,0.07602714494201578
5,10,0.18778132080255994
6,10,-0.003204255208978622
7,10,-0.10647585957838415
8,10,-0.08021967129924386
9,10,-0.03482024078513757
10,10,0.08555257513436172
11,10,0.2347010002586815
12,10,0.08444151554648979
13,10,0.02021550313824786
14,10,-0.08828811037344184
15,10,-0.10458625977153482
16,10,0.029169729318145658
17,10,-0.003959917213092259
18,10,-0.11247740389083921
19,10,0.022778878095403132
20,10,-0.021568556181027286
21,10,-0.08526590557619496
22,10,0.06477516506831046
23,10,0.02191243468748793
24,10,0.0015273234000938406
25,10,-0.04483222906553722
1,11,0.05882082903762494
2,11,-0.021146559540721036
3,11,-0.025328187840182547
4,11,-0.024497009773954883
5,11,-0.040428233696914014
6,11,-0.0848818379886751
7,11,-0.036577519159022735
8,11,-0.04372767227895038
9,11,0.03496607085975897
10,11,-0.06618398725034577
11,11,0.033637391166741505
12,11,-0.026387216659514743
13,11,-0.040752211295334545
14,11,-0.008505111059733407
15,11,0.0018388618540754237
16,11,0.00497794442872485
17,11,0.028539325330626805
18,11,0.01033596998921896
19,11,-0.07778269418407921
20,11,-0.03448374493818118
21,11,0.08138138767805209
22,11,-0.006034721698899587
23,11,-0.1175540735815015
24,11,0.00824183776633077
25,11,0.08498223022191458
1,12,0.2519639405555244
2,12,0.19198425531254545
3,12,0.03746542211468876
4,12,-0.09665859329681503
5,12,-0.1557391084743741
6,12,-0.0634161932414919
7,12,0.16452706738424963
8,12,0.09292661771264428
9,12,0.09305440058531593
10,12,-0.12974280743072045
11,12,-0.12401915851010448
12,12,-0.09889848214833945
13,12,0.049631289999647395
14,12,0.03042674514466591
15,12,0.0043359684029949525
16,12,-0.06102664550495968
17,12,-0.037481010033736425
18,12,0.0172243661709649
19,12,-0.02429018125479286
20,12,0.061757847851408254
21,12,0.025109917764698616
22,12,-0.031327252137168735
23,12,-0.004233021931092304
24,12,0.04599443860542715
25,12,-0.1330110811851897
1,13,0.22306139415212178
2,13,0.2724069724092308
3,13,0.017188807521100538
4,13,-0.08728758405919039
5,13,-0.0949917344480127
6,13,-0.012043512501485332
7,13,0.09314278760687925
8,13,0.17516279468373902
9,13,0.0972648554448198
10,13,-0.04018702078619246
11,13,-0.04917170815953967
12,13,-0.08521355549383772
13,13,0.02037203761618988
14,13,0.0670058761918809
15,13,0.03369152611371508
16,13,-0.047692977717671156
17,13,0.019829819347669177
18,13,-0.01316883584962739
19,13,0.04242746187068235
20,13,-0.03445174078353892
21,13,-0.00023051069445465672
22,13,-0.03488451937396544
23,13,-0.03015771530650508
24,13,0.06380195659745042
25,13,0.12397940740230233
1,14,0.035721523499672246
2,14,0.04392671101470465
3,14,-0.00614175040830554
4,14,-0.04392429150747805
5,14,0.024906728712002366
6,14,-0.025459218025784918
7,14,-0.04087113614197984
8,14,0.046942085969683967
9,14,-0.0021760143499598393
10,14,0.009821319529984756
11,14,0.004829365126984585
12,14,0.0436000449706757
13,14,0.035701889034586855
14,14,0.0549000133341716
15,14,0.0007584212757364575
16,14,-0.005834789178245613
17,14,0.014599424590897792
18,14,0.009578084825154626
19,14,0.027016238334597098
20,14,0.024101510295825076
21,14,0.11312717541865434
22,14,-0.007997213036451224
23,14,0.022874685462333174
24,14,0.005644815948832573
25,14,0.06816016775050832
1,15,-0.1655034629226801
2,15,-0.1863897442504752
3,15,0.04374352924237932
4,15,0.12496954693169497
5,15,0.10937629555569903
6,15,-0.010598179168461168
7,15,0.009238548857509694
8,15,-0.052592337838458396
9,15,-0.056968501205600874
10,15,0.010654573020602527
11,15,0.024795646326385125
12,15,0.09807605289721912
13,15,-0.027773979019940324
14,15,-0.09221443086658881
15,15,-0.053578541966721474
16,15,0.06591685776497319
17,15,0.06074904942338488
18,15,-0.014077030334615933
19,15,-0.06184427860387175
20,15,-0.049909933677506235
21,15,-0.0033748440460959536
22,15,-0.020313842508308137
23,15,-0.01410448387095708
24,15,0.014970693284374333
25,15,-0.026965622119619937
1,16,-0.20240019633929315
2,16,-0.21444117213769215
3,16,-0.0672116617231299
4,16,0.061972868591328265
5,16,0.12503078096281375
6,16,0.03357505505695197
7,16,-0.10494205804645733
8,16,-0.031212634934177787
9,16,-0.09310622705200342
10,16,0.0866938112531864
11,16,0.005969347678652703
12,16,0.014543007837001718
13,16,0.01923113593154037
14,16,-0.003980375296622082
15,16,-0.07082483236457143
16,16,0.014829525554873319
17,16,-0.02233972592765153
18,16,0.01368625566265816
19,16,0.01674474799370141
20,16,-0.05150336320673324
21,16,0.05424333789410132
22,16,0.024985922408852067
23,16,0.05053752913334128
24,16,-0.012384861520594946
25,16,-0.004489721521774491
1,17,-0.02322993556425095
2,17,0.005965116749435138
3,17,0.030152912027461516
4,17,0.005246707023379871
5,17,-0.012721860687925576
6,17,-0.05151087896437452
7,17,0.09057731106530961
8,17,0.03443142791842312
9,17,0.06431240768891563
10,17,0.0026988622903894406
11,17,0.11810499655120282
12,17,0.033837762200211056
13,17,0.006142342679699449
14,17,-0.03856198474675039
15,17,-0.07788138189111714
16,17,0.03706767200547967
17,17,0.012564574995965652
18,17,0.006058539473904416
19,17,-0.06857260724309289
20,17,-0.10632023977898648
21,17,-0.06064270145367138
22,17,0.04438690030944227
23,17,0.09946166499235803
24,17,-0.028489294308017332
25,17,-0.01592463214980119
1,18,0.004603690591712589
2,18,0.030666860808590747
3,18,0.027399206245995494
4,18,-0.09403273784839286
5,18,-0.05838193784786054
6,18,0.0448877739409767
7,18,0.026229660002787855
8,18,-0.009477315049371375
9,18,0.10147411301061265
10,18,0.008502569576060805
11,18,-0.026077172648710435
12,18,-0.0018457057594437054
13,18,0.0016301922746911248
14,18,0.06123683782861164
15,18,-0.053685341677300685
16,18,-0.007390689763229713
17,18,-0.07836303697277404
18,18,-0.01708230829165958
19,18,0.03454962494178525
20,18,0.004899195672034623
21,18,0.09900186070651229
22,18,-0.0016336560620552306
23,18,-0.04379526744347219
24,18,0.0071893596068305435
25,18,0.010912534887768437
1,19,0.1295449062899146
2,19,0.11287964306347184
3,19,0.010927711996935017
4,19,-0.027688760307644375
5,19,-0.16705855880197323
6,19,0.01518567976393691
7,19,0.019793237893271295
8,19,0.06068036863181619
9,19,-0.019307360340171872
10,19,0.033928144374146096
11,19,-0.15212014839410665
12,19,-0.08528560078751406
13,19,-0.004113652823339399
14,19,0.07042704866892749
15,19,-0.04451450999193805
16,19,0.01756860834592086
17,19,0.028415400887302256
18,19,-0.06327321327802338
19,19,-0.12461357004781114
20,19,0.05594646325723855
21,19,0.006649343317098993
22,19,-0.004764480723384883
23,19,0.04120148239138609
24,19,0.025769057980159916
25,19,-0.03000676670910601
1,20,0.04961033471991168
2,20,-0.0030167231235101177
3,20,0.0281228227154601
4,20,-0.031619847386123084
5,20,-0.00665896984118744
6,20,-0.040592499619207315
7,20,0.029033479019297044
8,20,0.04117460030373625
9,20,0.037661275742720414
10,20,-0.006904882630765919
11,20,-0.11982266627712818
12,20,0.016440203535125045
13,20,-0.05300907782393209
14,20,0.06455491610696032
15,20,0.0070583338121062034
16,20,-0.003340974299221192
17,20,-0.042197273020350194
18,20,0.08084673335844894
19,20,-0.0376430586960995
20,20,0.07630761563679489
21,20,0.08775443629908135
22,20,0.1582736766966424
23,20,0.0645121825645033
24,20,-0.008402908767438365
25,20,-0.0461913177800714
1,21,-0.08679999959107969
2,21,-0.12298517647706372
3,21,0.06323029085270246
4,21,0.05295132380087758
5,21,-0.014165278271575502
6,21,0.05025332307373885
7,21,-0.014615437783168081
8,21,0.024392805577716187
9,21,0.00953280787657906
10,21,-0.03835385146057825
11,21,0.03345787532923164
12,21,0.05948160887982483
13,21,0.0008068849636378456
14,21,-0.008136653815137963
15,21,-0.06886224256718461
16,21,-0.02512423315810635
17,21,0.017677045981158566
18,21,0.05144537725895264
19,21,-0.02766329740990738
20,21,-0.023996319150133054
21,21,0.10311964636869507
22,21,-0.045404554098506154
23,21,-0.003349598872335752
24,21,-0.04021011859117761
25,21,0.002985520407046449
1,22,-0.041198570736249024
2,22,-0.03889111769369812
3,22,0.011041559607459303
4,22,0.12158255251537892
5,22,0.0660873794839551
6,22,0.05186239349358343
7,22,-0.08437727366201483
8,22,0.0038306611898006743
9,22,-0.047925296529098826
10,22,0.08838651163689587
11,22,-0.013768329442211187
12,22,0.035159768571045344
13,22,0.0037653280910959555
14,22,-0.010756684579056201
15,22,-0.022180477107786322
16,22,0.08624343265435827
17,22,0.040890896196530274
18,22,-0.042520022179282205
19,22,-0.02710559207150769
20,22,0.04971521677048346
21,22,-0.055052959011057626
22,22,0.0930726917398405
23,22,-0.007848444865841353
24,22,-0.08153992945323062
25,22,0.04702890040282215
1,23,-0.08510662216230946
2,23,-0.22530445760504839
3,23,-0.003990732339980572
4,23,-0.03737736224577137
5,23,0.0405486443880786
6,23,0.042866121923570685
7,23,0.02266887184414457
8,23,-0.03523462890829082
9,23,-0.08915913267729599
10,23,0.07528104345297203
11,23,0.022275108657977882
12,23,0.01080914020292243
13,23,-0.08405410337077965
14,23,-0.04880796302080242
15,23,-0.0011872086365941866
16,23,-0.008135907120446657
17,23,0.0166488826299025
18,23,-0.04410554448931898
19,23,-0.08785351185208391
20,23,0.008915955142213402
21,23,-0.014044533005369952
22,23,0.0537549500170324
23,23,0.07138428905543127
24,23,-0.004172585320176524
25,23,-0.01828778347131811
1,24,0.09366888457954531
2,24,0.07401355789834223
3,24,-0.04082462286271651
4,24,0.07375323099002776
5,24,-0.008966613997134179
6,24,-0.013958425394267844
7,24,-0.05377606197870256
8,24,-0.001230437455801335
9,24,0.03474751372836599
10,24,0.01089509935663295
11,24,0.0584305730369638
12,24,0.04299425151232715
13,24,-0.04433450633278222
14,24,-0.0011476962809487765
15,24,-0.012242709398817138
16,24,-0.03893398160004836
17,24,-0.04345776621647493
18,24,-0.052074726283509294
19,24,-0.04725686112299121
20,24,-0.000347851795203003
21,24,0.020689024241081995
22,24,0.060672518791619834
23,24,-0.04638098512897541
24,24,-0.030842535420519738
25,24,-0.1581687419674996
1,25,0.05229160268187097
2,25,0.06931207919988194
3,25,-0.019812943801549084
4,25,-0.040111718709247804
5,25,-0.0892169127063791
6,25,-0.052121823674423015
7,25,-0.046054619713987915
8,25,-0.020161068827561114
9,25,-0.08082874183635773
10,25,0.04130225017065292
11,25,0.013275164853630797
12,25,-0.01088595803877957
13,25,0.0015971211198339257
14,25,0.09437286758835603
15,25,0.0377851386579527
16,25,-0.040204021723033154
17,25,-0.0113755386460754
18,25,0.006659277940099666
19,25,0.016036809015560205
20,25,0.02568983814513176
21,25,-0.07550158876132294
22,25,-0.039410356741381256
23,25,-0.10720824497865773
24,25,0.008969993200271247
25,25,-0.021306423508641183
